scheme,ebn0_db,bits_simulated,bit_errors,ber_simulated,ber_ci95_halfwidth,ber_theoretical,symbols_simulated,symbol_errors,ser_simulated,ser_theoretical
BPSK,0,1000000,78693,7.869300e-02,5.277e-04,7.864960e-02,1000000,78693,7.869300e-02,7.864960e-02
BPSK,1,1000000,55841,5.584100e-02,4.500e-04,5.628195e-02,1000000,55841,5.584100e-02,5.628195e-02
BPSK,2,1000000,37624,3.762400e-02,3.730e-04,3.750613e-02,1000000,37624,3.762400e-02,3.750613e-02
BPSK,3,1000000,22899,2.289900e-02,2.932e-04,2.287841e-02,1000000,22899,2.289900e-02,2.287841e-02
BPSK,4,1000000,12502,1.250200e-02,2.178e-04,1.250082e-02,1000000,12502,1.250200e-02,1.250082e-02
BPSK,5,1000000,5951,5.951000e-03,1.507e-04,5.953867e-03,1000000,5951,5.951000e-03,5.953867e-03
BPSK,6,1000000,2424,2.424000e-03,9.638e-05,2.388291e-03,1000000,2424,2.424000e-03,2.388291e-03
BPSK,7,1000000,789,7.890000e-04,5.503e-05,7.726748e-04,1000000,789,7.890000e-04,7.726748e-04
BPSK,8,1000000,180,1.800000e-04,2.629e-05,1.909078e-04,1000000,180,1.800000e-04,1.909078e-04
BPSK,9,4000000,121,3.025000e-05,5.390e-06,3.362723e-05,4000000,121,3.025000e-05,3.362723e-05
BPSK,10,25000000,101,4.040000e-06,7.879e-07,3.872108e-06,25000000,101,4.040000e-06,3.872108e-06
QPSK,0,1000000,78775,7.877500e-02,5.280e-04,7.864960e-02,500000,75642,1.512840e-01,1.511134e-01
QPSK,1,1000000,56434,5.643400e-02,4.523e-04,5.628195e-02,500000,54908,1.098160e-01,1.093962e-01
QPSK,2,1000000,37464,3.746400e-02,3.722e-04,3.750613e-02,500000,36738,7.347600e-02,7.360555e-02
QPSK,3,1000000,23209,2.320900e-02,2.951e-04,2.287841e-02,500000,22951,4.590200e-02,4.523339e-02
QPSK,4,1000000,12479,1.247900e-02,2.176e-04,1.250082e-02,500000,12401,2.480200e-02,2.484537e-02
QPSK,5,1000000,6109,6.109000e-03,1.527e-04,5.953867e-03,500000,6093,1.218600e-02,1.187229e-02
QPSK,6,1000000,2431,2.431000e-03,9.652e-05,2.388291e-03,500000,2424,4.848000e-03,4.770878e-03
QPSK,7,1000000,754,7.540000e-04,5.380e-05,7.726748e-04,500000,754,1.508000e-03,1.544753e-03
QPSK,8,1000000,214,2.140000e-04,2.867e-05,1.909078e-04,500000,214,4.280000e-04,3.817791e-04
QPSK,9,4000000,135,3.375000e-05,5.693e-06,3.362723e-05,2000000,135,6.750000e-05,6.725333e-05
QPSK,10,30000000,100,3.333333e-06,6.533e-07,3.872108e-06,15000000,100,6.666667e-06,7.744201e-06
